id_formateur,prenom,nom,email,telephone,specialisation,date_embauche,salaire
F2f213420,Marcelle,Alves,marcelle.alves@example.com,+33 4 73 98 69 34,Cybersécurité,2021-07-01,3364
F8f763b22,Colette,Letellier,colette.letellier@example.com,+33 (0)5 49 42 52 99,Gestion de projet,2023-04-19,4066
F87b171c5,Pauline,Pinto,pauline.pinto@example.com,+33 5 33 80 13 50,Gestion de projet,2023-02-17,4822
Ffe209885,Charlotte,Pinto,charlotte.pinto@example.com,+33 4 86 47 05 48,Data Science,2020-04-03,3708
F6631abda,Susanne,Vasseur,susanne.vasseur@example.com,04 34 29 92 12,Gestion de projet,2024-01-08,5770
F156df2e5,Gilbert,Foucher,gilbert.foucher@example.com,+33 3 86 72 55 17,Cybersécurité,2024-07-01,3574
F33874331,Xavier,Girard,xavier.girard@example.com,0533169384,Machine Learning,2023-11-18,4308
F9ff6e3e4,Claudine,Huet,claudine.huet@example.com,+33 (0)4 94 83 65 67,Programmation Python,2020-09-27,4334
F51ccd148,William,Sanchez,william.sanchez@example.com,+33 (0)5 36 38 98 46,Programmation Python,2022-12-06,5389
F7e8ba6b2,Maryse,Roche,maryse.roche@example.com,+33 (0)5 49 05 36 17,Gestion de projet,2020-10-24,3248
F598e6570,Joséphine,De Oliveira,joséphine.de oliveira@example.com,+33 (0)4 58 30 80 78,Machine Learning,2021-08-08,4225
F298c0d49,Laurent,Rolland,laurent.rolland@example.com,+33 1 69 16 39 57,Cybersécurité,2021-11-19,3602
F320dfae2,Laetitia,Neveu,laetitia.neveu@example.com,0257988727,Gestion de projet,2024-06-03,4716
F3e18da88,Adèle,Breton,adèle.breton@example.com,+33 (0)6 47 02 30 70,Machine Learning,2022-12-17,3468
F356696be,Édouard,Gomes,édouard.gomes@example.com,0379591034,Programmation Python,2021-05-10,5964
Fba737f93,Manon,Rémy,manon.rémy@example.com,06 53 42 55 49,Gestion de projet,2023-03-14,4029
Fd2bef641,Luce,Samson,luce.samson@example.com,0361215960,Machine Learning,2020-11-19,3295
F8e1675ef,Arthur,Lemaire,arthur.lemaire@example.com,02 56 36 88 15,Programmation Python,2024-10-16,4917
Ff6b50506,Marc,Maurice,marc.maurice@example.com,+33 5 86 13 05 79,Data Science,2021-01-20,3534
Fe8781c70,Clémence,Baron,clémence.baron@example.com,+33 1 77 84 97 12,Programmation Python,2022-07-09,4342
