id_formateur,prenom,nom,email,telephone,specialisation,date_embauche,salaire
Fbcb32dd7,Thérèse,Blin,thérèse.blin@example.com,0327077250,Machine Learning,2023-06-24,3374
Fd58bb429,Frédéric,Payet,frédéric.payet@example.com,02 28 67 72 24,Data Science,2021-10-09,5985
F0ae157c9,Josette,Baudry,josette.baudry@example.com,+33 (0)3 71 06 37 67,Programmation Python,2021-03-03,4172
F942e4f5b,Alfred,Cohen,alfred.cohen@example.com,+33 2 51 24 20 60,Machine Learning,2021-01-11,5689
F0ac1dad5,Hortense,Joubert,hortense.joubert@example.com,04 98 10 57 06,Machine Learning,2022-04-04,4331
F74e9611c,Laetitia,Lamy,laetitia.lamy@example.com,+33 (0)4 88 87 00 95,Gestion de projet,2023-10-20,3379
F99c9f59e,Nathalie,Delorme,nathalie.delorme@example.com,+33 (0)4 85 78 45 39,Machine Learning,2024-03-14,4860
F5fe5f361,Paul,Texier,paul.texier@example.com,0549444575,Gestion de projet,2023-01-20,5383
Fe5e052cf,Étienne,Lombard,étienne.lombard@example.com,05 34 26 05 25,Data Science,2023-07-20,5150
Fe92a4a0a,Nicole,Lamy,nicole.lamy@example.com,0169612499,Machine Learning,2023-06-26,3862
Ff6afc9b9,Julie,Prévost,julie.prévost@example.com,+33 (0)2 23 86 25 96,Data Science,2021-08-01,3528
F8acdd3a5,Jean,Collet,jean.collet@example.com,+33 (0)5 87 85 23 36,Cybersécurité,2023-06-30,4815
F6e1c7dd3,Claire,Grenier,claire.grenier@example.com,+33 1 49 26 43 95,Programmation Python,2024-05-22,4088
F765f84b6,Alexandria,Garnier,alexandria.garnier@example.com,07 39 93 38 26,Programmation Python,2023-05-20,5533
Fd7e300fa,Renée,Fournier,renée.fournier@example.com,0638114732,Gestion de projet,2023-07-03,5309
F5ff82748,Vincent,Baudry,vincent.baudry@example.com,+33 2 52 70 03 36,Cybersécurité,2024-08-16,3509
Fb083d0a9,Inès,Mallet,inès.mallet@example.com,0362149023,Programmation Python,2020-02-21,5849
F5199e161,Émilie,Thomas,émilie.thomas@example.com,+33 5 57 36 31 10,Programmation Python,2020-09-05,5496
Fe3016fc8,Cécile,Leleu,cécile.leleu@example.com,+33 3 60 23 34 89,Machine Learning,2024-11-04,4110
F12769cc1,Alexandre,Maréchal,alexandre.maréchal@example.com,+33 3 65 87 62 66,Cybersécurité,2022-03-05,4429
