id_formateur,prenom,nom,email,telephone,specialisation,date_embauche,salaire
Fcbe6e0d8,Jeannine,Rolland,jeannine.rolland@example.com,0320532320,Programmation Python,2022-02-21,4239
F2f5fefcb,Élodie,Maillot,élodie.maillot@example.com,0579194061,Machine Learning,2023-05-18,5496
F16bab31d,Pierre,Joubert,pierre.joubert@example.com,+33 (0)6 27 87 05 31,Cybersécurité,2021-10-16,3145
F5c4d9e35,Pénélope,Aubry,pénélope.aubry@example.com,0328691350,Cybersécurité,2020-08-31,4264
F8c63a78e,David,Pineau,david.pineau@example.com,0465294360,Gestion de projet,2021-09-27,4967
F51628c8c,Michèle,Fleury,michèle.fleury@example.com,+33 2 34 80 57 84,Machine Learning,2023-09-03,4233
Fde373cb2,Anouk,Dos Santos,anouk.dos santos@example.com,+33 5 62 44 71 17,Programmation Python,2021-01-01,5844
Fa7f07969,Océane,Jacquet,océane.jacquet@example.com,+33 1 69 74 14 67,Data Science,2024-09-27,3288
F79f0026e,Clémence,Brun,clémence.brun@example.com,+33 1 79 45 25 37,Cybersécurité,2021-02-21,5571
F7e357756,Gilbert,Gauthier,gilbert.gauthier@example.com,02 18 30 40 39,Cybersécurité,2024-05-16,4750
Ff62282e9,Théophile,Joseph,théophile.joseph@example.com,+33 (0)5 86 09 53 68,Programmation Python,2024-05-02,3746
F96c76d27,Maggie,Parent,maggie.parent@example.com,+33 5 46 07 27 71,Programmation Python,2023-10-21,5495
F1a67d4fe,Jacqueline,Petitjean,jacqueline.petitjean@example.com,0251130599,Gestion de projet,2021-03-04,4342
F61912045,Valentine,Colin,valentine.colin@example.com,01 42 62 01 21,Cybersécurité,2020-06-17,3663
F4f5d0a55,Denise,Carre,denise.carre@example.com,05 08 50 32 26,Gestion de projet,2022-02-01,4225
Fae3cc00d,Laurent,De Sousa,laurent.de sousa@example.com,01 72 61 17 16,Gestion de projet,2020-04-15,4530
F781f1538,Thibault,Pierre,thibault.pierre@example.com,+33 2 76 01 70 92,Cybersécurité,2020-11-18,3690
Fbde516bb,René,Chartier,rené.chartier@example.com,06 25 12 42 89,Data Science,2022-01-15,4336
Ffb2d12ce,Josette,Roy,josette.roy@example.com,+33 (0)5 08 88 99 74,Data Science,2023-08-31,4933
F69151a22,Geneviève,Tanguy,geneviève.tanguy@example.com,0483053504,Gestion de projet,2023-06-21,5696
