id_formateur,prenom,nom,email,telephone,specialisation,date_embauche,salaire
F3222901b,Philippe,Turpin,philippe.turpin@example.com,+33 (0)1 64 64 65 95,Programmation Python,2023-11-11,4849
Fd23e9deb,Aimé,Lenoir,aimé.lenoir@example.com,+33 4 57 94 46 06,Data Science,2023-07-10,4953
F839760ff,Timothée,Cousin,timothée.cousin@example.com,0554566143,Programmation Python,2021-11-25,4338
Ff4722599,Antoine,Guillet,antoine.guillet@example.com,+33 3 81 10 06 85,Gestion de projet,2022-10-20,4986
Fd93b9f55,Honoré,Royer,honoré.royer@example.com,01 55 85 29 85,Machine Learning,2024-01-26,5044
Ff06cb726,Pierre,Poulain,pierre.poulain@example.com,05 19 84 43 67,Data Science,2022-01-21,3336
F35c17af9,Véronique,Colas,véronique.colas@example.com,03 70 85 75 81,Programmation Python,2022-03-02,5465
F4a7c56ba,Étienne,Seguin,étienne.seguin@example.com,+33 5 90 24 13 63,Machine Learning,2021-03-08,5797
F867097da,Odette,Sanchez,odette.sanchez@example.com,02 72 96 46 21,Gestion de projet,2023-03-05,4867
F7b56d821,Auguste,Maillard,auguste.maillard@example.com,+33 (0)3 20 72 34 33,Machine Learning,2023-11-12,5109
F3b87bd6c,Roger,Benoit,roger.benoit@example.com,0565327020,Data Science,2024-07-24,5911
Fd8c9d5a6,Thomas,Charpentier,thomas.charpentier@example.com,+33 (0)4 86 05 96 55,Machine Learning,2020-09-06,5243
Fb62b53d7,Thibault,Langlois,thibault.langlois@example.com,+33 6 33 25 86 85,Programmation Python,2024-11-03,5251
F6e32caf0,Émile,Pichon,émile.pichon@example.com,+33 (0)3 86 07 17 46,Gestion de projet,2023-11-22,3829
Ff35ff5c0,Élise,Poulain,élise.poulain@example.com,+33 2 21 93 48 77,Gestion de projet,2023-07-14,5790
Fbedb226c,Virginie,Charles,virginie.charles@example.com,+33 3 26 20 83 12,Gestion de projet,2022-10-16,3620
F36c1834e,Rémy,Delannoy,rémy.delannoy@example.com,+33 4 23 39 41 33,Data Science,2020-08-29,4426
Fbe3ce070,Céline,Lebrun,céline.lebrun@example.com,0465311209,Gestion de projet,2022-03-25,4887
F420829a6,Christelle,Rousset,christelle.rousset@example.com,0218601064,Data Science,2022-09-07,5420
F0f7eb889,Caroline,Duval,caroline.duval@example.com,+33 (0)1 75 58 42 65,Cybersécurité,2023-05-20,4798
