id_formateur,prenom,nom,email,telephone,specialisation,date_embauche,salaire
F1f7b8b4a,Nath,Paris,nath.paris@example.com,05 16 21 43 30,Machine Learning,2022-04-01,3488
Fc1f55870,Juliette,Boutin,juliette.boutin@example.com,+33 5 82 56 09 46,Cybersécurité,2021-11-20,3556
F645bec2d,Roger,Valette,roger.valette@example.com,0345127368,Programmation Python,2023-12-01,4106
Fc91e7fa9,Martin,Boyer,martin.boyer@example.com,+33 (0)3 25 83 24 62,Cybersécurité,2021-10-03,5435
Fa350a29d,Nathalie,Tanguy,nathalie.tanguy@example.com,+33 6 31 34 73 70,Gestion de projet,2022-03-07,3046
Fb5ef686c,Olivie,Leleu,olivie.leleu@example.com,0214056843,Data Science,2020-10-19,3281
Fed181b48,David,Duval,david.duval@example.com,+33 (0)5 96 10 88 32,Cybersécurité,2023-06-17,3803
Fe1475297,Patrick,Pascal,patrick.pascal@example.com,01 81 25 41 05,Machine Learning,2024-12-14,3535
Fe94a05fb,Anne,Neveu,anne.neveu@example.com,02 21 92 22 35,Data Science,2024-01-24,5124
F8ec65408,Théodore,Marin,théodore.marin@example.com,+33 (0)1 79 17 38 47,Gestion de projet,2021-01-01,5117
F656fba28,Odette,Laporte,odette.laporte@example.com,+33 (0)1 76 55 90 15,Gestion de projet,2023-04-06,5456
Fbafc5db3,Zoé,Thomas,zoé.thomas@example.com,05 86 71 14 28,Gestion de projet,2021-06-16,5672
F1186f65e,Frédérique,Masse,frédérique.masse@example.com,0262370974,Programmation Python,2023-06-30,3254
F27f71e8f,Joséphine,Mary,joséphine.mary@example.com,02 55 92 30 43,Programmation Python,2024-03-31,3842
F0b47054a,Jeanne,Antoine,jeanne.antoine@example.com,+33 (0)1 74 56 37 09,Gestion de projet,2021-11-09,3277
Fcc4c01c2,Émile,Imbert,émile.imbert@example.com,+33 3 28 30 59 60,Cybersécurité,2023-05-23,5536
F6b1bedf4,Camille,Martel,camille.martel@example.com,03 75 32 20 79,Machine Learning,2020-01-26,5153
Ff90e42ca,Madeleine,Renaud,madeleine.renaud@example.com,04 83 80 55 31,Cybersécurité,2021-01-23,3469
F7ef50e43,Colette,Delmas,colette.delmas@example.com,+33 4 22 52 37 18,Programmation Python,2020-07-26,5726
F4124270b,Colette,Clerc,colette.clerc@example.com,0326966750,Cybersécurité,2021-03-14,4435
